id,clause_ref,requirement_type,text,actor,action,object,conditions,source_clause
1.1,FMVSS_127,functional,"This final rule adopts a new Federal Motor Vehicle Safety Standard to require automatic emergency braking (AEB), including pedestrian AEB (PAEB), systems on light vehicles.",Federal Motor Vehicle Safety Standard,require,"automatic emergency braking (AEB), including pedestrian AEB (PAEB), systems",on light vehicles,FMVSS_127
1.2,FMVSS_127,functional,This final rule specifies that an AEB system must detect and react to an imminent crash with both a lead vehicle or a pedestrian.,AEB system,detect and react,an imminent crash,with both a lead vehicle or a pedestrian,FMVSS_127
1.3,FMVSS_127,functional,An AEB system must detect and react to an imminent crash with both a lead vehicle and a pedestrian.,AEB system,detect and react,imminent crash,with both a lead vehicle and a pedestrian,FMVSS_127
1.4,FMVSS_127,other,"AEB technologies, on new passenger vehicles, are a key Departmental action to improve vehicle and pedestrian safety.",Departmental action,improve,vehicle and pedestrian safety,"AEB technologies, on new passenger vehicles",FMVSS_127
1.5,FMVSS_127,functional,All passenger vehicles must be equipped with an AEB system.,All passenger vehicles,be equipped with,AEB system,,FMVSS_127
1.6,I,functional,"NHTSA is issuing this final rule to address these significant safety problems through a new Federal Motor Vehicle Safety Standard that requires all light vehicles be equipped with forward collision warning (FCW), automatic emergency braking (AEB), and pedestrian automatic emergency braking (PAEB) technology.",all light vehicles,be equipped,"forward collision warning (FCW), automatic emergency braking (AEB), and pedestrian automatic emergency braking (PAEB) technology",,I. Executive Summary
1.7,I,functional,AEB systems reduce the frequency and severity of lead vehicle rear-end (lead vehicle AEB) and pedestrian (PAEB) crashes.,AEB systems,reduce,frequency and severity of lead vehicle rear-end (lead vehicle AEB) and pedestrian (PAEB) crashes,,I. Executive Summary
1.8,I,functional,AEB systems ... automatically apply the vehicle brakes if the driver has not done so.,AEB systems,automatically apply,vehicle brakes,if the driver has not done so,I. Executive Summary
1.9,I,functional,AEB systems have reached a level of maturity to make a significant contribution to reducing the frequency and severity of crashes.,AEB systems,make a significant contribution,reducing the frequency and severity of crashes,have reached a level of maturity,I. Executive Summary
1.10,,functional,"""all passenger motor vehicles"" manufactured for sale in the United States be equipped with AEB and FCW.",passenger motor vehicle manufacturers,equip,AEB and FCW,manufactured for sale in the United States,
1.11,,functional,"in this final rule, NHTSA requires AEB and FCW on all passenger cars and multipurpose passenger vehicles, trucks, and buses with a gross vehicle weight rating (GVWR) of 10,000 Ibs. or less.",NHTSA,require,AEB and FCW,"on all passenger cars, multipurpose passenger vehicles, trucks, and buses with a gross vehicle weight rating (GVWR) of 10,000 lbs. or less",
1.12,,functional,"an FCW system alert the driver if there is a ""vehicle ahead or an object in the path of travel"" if a collision is imminent.",FCW system,alert,driver,if there is a vehicle ahead or an object in the path of travel and a collision is imminent,
1.13,2,functional,The proposed AEB system must provide the driver with a forward collision warning (FCW) at any forward speed greater than 10 km/h (6.2 mph).,AEB system,provide,forward collision warning (FCW),at any forward speed greater than 10 km/h (6.2 mph),2
1.14,2,functional,The proposed AEB system must automatically apply the brakes at any forward speed.,AEB system,automatically apply,the brakes,at any forward speed,2
1.15,2,test,"The proposed AEB system must prevent the vehicle from contacting the lead vehicle (i.e., vehicle test device) or pedestrian test device when tested according to the proposed test procedures.",AEB system,prevent,"the vehicle from contacting the lead vehicle (i.e., vehicle test device) or pedestrian test device",when tested according to the proposed test procedures,2
1.16,2,diagnostic,The proposed AEB system must detect AEB system malfunctions and notify the driver of any malfunction that causes the AEB system not to meet the proposed minimum performance requirements of the safety standard.,AEB system,detect and notify,AEB system malfunctions,any malfunction that causes the AEB system not to meet the proposed minimum performance requirements of the safety standard,2
1.17,6,diagnostic,NHTSA proposed that AEB systems continuously detect system malfunctions.,AEB systems,detect,system malfunctions,continuously,6
1.18,6,functional,"If an AEB system detects a malfunction that prevents it from performing its required safety function, the vehicle would provide the vehicle operator with a warning.",vehicle,provide,the vehicle operator with a warning,If an AEB system detects a malfunction that prevents it from performing its required safety function,6
1.19,6,functional,The warning would be required to remain active as long as the malfunction exists while the vehicle's starting system is on.,warning,remain active,,as long as the malfunction exists while the vehicle's starting system is on,6
1.20,7,performance,"Vehicles manufactured on or after September 1, three years after the publication date of a final rule, but before September 1, four years after the publication date of a final rule, would be required to meet all requirements except that lower speed PAEB performance test requirements.",vehicles,meet,all requirements except that lower speed PAEB performance test requirements,"manufactured on or after September 1, three years after the publication date of a final rule, but before September 1, four years after the publication date of a final rule",7
1.21,7,performance,Vehicles manufactured four years after the publication date of a final rule would be required to meet all requirements specified in the final rule.,vehicles,meet,all requirements specified in the final rule,manufactured four years after the publication date of a final rule,7
1.22,7,performance,"NHTSA proposed that small-volume manufacturers, final-stage manufacturers, and alterers would be provided an additional year of lead time for all requirements.","small-volume manufacturers, final-stage manufacturers, and alterers",be provided,an additional year of lead time for all requirements,,7
1.23,,performance,Regenerative braking settings for electric and hybrid electric vehicles did not have a negative effect on the performance of the tested AEB.,Regenerative braking settings,did not have,a negative effect on the performance of the tested AEB,,
1.24,FMVSS_127,functional,system that applies the brakes automatically at any forward speed that is greater than 10 km/h (6.2 mph) and less than 145 km/h (90.1 mph) when a collision with a lead vehicle is imminent,system,applies,the brakes,at any forward speed that is greater than 10 km/h (6.2 mph) and less than 145 km/h (90.1 mph) when a collision with a lead vehicle is imminent,FMVSS_127
1.25,FMVSS_127,performance,the AEB system is required to prevent the vehicle from colliding with the lead vehicle or pedestrian test devices when tested according to the standard's test procedures,AEB system,prevent,the vehicle from colliding with the lead vehicle or pedestrian test devices,when tested according to the standard's test procedures,FMVSS_127
1.26,FMVSS_127,environmental,this requirement applies only when environmental conditions permit,requirement,applies,,only when environmental conditions permit,FMVSS_127
1.27,FMVSS_127,test,"These track test procedures have defined parameters, including travel speeds up to 100 km/h (62.2 mph), that ensure that AEB systems prevent crashes in a controlled testing environment",track test procedures,have,"defined parameters, including travel speeds up to 100 km/h (62.2 mph)",ensure that AEB systems prevent crashes in a controlled testing environment,FMVSS_127
1.28,D. FCW and AEB Equipment Requirements,functional,NHTSA proposed that an FCW must provide the driver warning of an impending collision when the vehicle is traveling at a forward speed greater than 10 km/h (6.2 mph).,FCW,provide,driver warning of an impending collision,when the vehicle is traveling at a forward speed greater than 10 km/h (6.2 mph),D. FCW and AEB Equipment Requirements
1.29,D. FCW and AEB Equipment Requirements,functional,the NPRM require a vehicle to have an AEB system that applies the service brakes automatically when a collision with a lead vehicle or pedestrian is imminent at any forward speed.,AEB system,applies,the service brakes automatically,when a collision with a lead vehicle or pedestrian is imminent at any forward speed,D. FCW and AEB Equipment Requirements
1.30,D. FCW and AEB Equipment Requirements,performance,"this requirement was included to ensure that AEB systems are able to function at all times, including at speeds above those NHTSA proposed as part of the performance test requirements where on-track testing is currently not practicable.",AEB systems,function,at all times,including at speeds above those NHTSA proposed as part of the performance test requirements where on-track testing is currently not practicable,D. FCW and AEB Equipment Requirements
1.31,S5.1,functional,"S5.1 of FMVSS No. 224, 'Rear impact protection,' requires trailers and semitrailers with a GVWR of 4,536 kg or more to be equipped with a rear impact guard certified as meeting FMVSS No. 223, 'Rear impact guards.'",trailers and semitrailers,to be equipped,rear impact guard certified as meeting FMVSS No. 223,"with a GVWR of 4,536 kg or more",S5.1
1.32,FMVSS No. 135,functional,FMVSS No. 135 requires that the service brakes shall be activated by means of foot control.,FMVSS No. 135,requires,the service brakes shall be activated by means of foot control,,FMVSS No. 135
1.33,S5.3,performance,S5.3 requires that any vehicle that has an inside rearview mirror that does not meet the performance requirements for field of view included in S5.1.1,any vehicle,does not meet,the performance requirements for field of view,with an inside rearview mirror,S5.3
1.34,3,performance,"NHTSA is committed to establishing performance requirements that are as reflective of the real world as possible, and that encourage manufacturers to develop robust AEB systems with sufficient resiliency to handle the widely variable scenarios they are intended to handle.",NHTSA,establish,performance requirements,as reflective of the real world as possible; encourage manufacturers to develop robust AEB systems with sufficient resiliency to handle widely variable scenarios,3
1.35,3,environmental,The language of the NPRM sought to provide safety under environmental conditions outside of those specified in a track testing environment.,NPRM,provide,safety,under environmental conditions outside of those specified in a track testing environment,3
1.36,,interface,OEMs should be permitted to supplement the primary auditory and visual FCW signal modalities with a haptic warning component.,OEMs,supplement,primary auditory and visual FCW signal modalities with a haptic warning component,should be permitted,
1.37,,interface,HATCl requested that NHTSA permit haptic signals to be used as the primary or secondary warning.,HATCl,requested,haptic signals to be used as the primary or secondary warning,permit by NHTSA,
1.38,,functional,The FCW auditory signal would be the primary warning modality.,,be,primary warning modality,FCW auditory signal,FMVSS_127
1.39,,performance,The FCW auditory signal's fundamental frequency be at least 800 Hz.,FCW auditory signal,have,fundamental frequency,at least 800 Hz,FMVSS_127
1.40,,performance,"The FCW auditory signal include a duty cycle, or percentage of time the sound is present, of 0.25-0.95.",FCW auditory signal,include,duty cycle,0.25-0.95,FMVSS_127
1.41,,performance,The FCW auditory signal include a tempo in the range of 6-12 pulses per second.,FCW auditory signal,include,tempo,6-12 pulses per second,FMVSS_127
1.42,,performance,The FCW auditory signal is required to have a minimum intensity of 15-30 dB above the masked threshold.,FCW auditory signal,have,minimum intensity,15-30 dB above the masked threshold,FMVSS_127
1.43,,performance,The proposed requirements provide leeway for manufacturers to implement a less invasive advisory or preliminary alert that would precede the required FCW.,manufacturers,implement,less invasive advisory or preliminary alert,precede the required FCW,
1.44,,performance,It also would not prevent multiple intensities that all meet the minimum requirement in this final rule.,,would not prevent,multiple intensities,that all meet the minimum requirement in this final rule,
1.45,,functional,The FCW auditory signal is considered the primary means of warning a potentially inattentive driver.,,is considered,the primary means of warning a potentially inattentive driver,,
1.46,,other,Allowing the auditory FCW signal to be suppressed would undercut its important safety function.,,would undercut,its important safety function,allowing the auditory FCW signal to be suppressed,
1.47,2,functional,The NPRM proposed prohibiting manual AEB system deactivation at any speed above the proposed 10 km/h minimum speed threshold for AEB system operation.,NPRM,prohibiting,manual AEB system deactivation,at any speed above the proposed 10 km/h minimum speed threshold for AEB system operation,2
1.48,2.A,functional,"In instances where a light vehicle is towing a trailer with no independent brakes, or with brakes that do not include stability control functions, emergency braking may cause jack-knifing, or other dangerous outcomes.",AEB system,cause,jack-knifing or other dangerous outcomes,"when a light vehicle is towing a trailer with no independent brakes, or with brakes that do not include stability control functions",2. AEB REQUIREMENT A. AEB DEACTIVATION
1.49,2.A,functional,"an AEB system where sensors have been compromised because of misalignment, frayed wiring, or other partial failure, could provide the perception system with incomplete information that is misinterpreted and causes a dangerous vehicle maneuver.",AEB system,provide,perception system with incomplete information,"sensors have been compromised because of misalignment, frayed wiring, or other partial failure",2. AEB REQUIREMENT A. AEB DEACTIVATION
1.50,,functional,NHTSA expects upfitters to avoid installing equipment that would result in AEB no longer working (or malfunctioning).,upfitters,avoid installing,equipment,that would result in AEB no longer working (or malfunctioning),
1.51,,functional,upfitters would leave final installation of this equipment to the vehicle owner in rare cases where no engineering solution may exist such as with snowplows.,upfitters,leave final installation,this equipment,in rare cases where no engineering solution may exist such as with snowplows,
1.52,,functional,the malfunction indicator would illuminate as a constant reminder to the driver that AEB is not working.,,illuminate,the malfunction indicator,as a constant reminder to the driver that AEB is not working,
1.53,,performance,"The proposed performance criterion for all AEB tests involving a lead vehicle is full collision avoidance, meaning the subject vehicle must not contact the lead vehicle.",subject vehicle,must not contact,lead vehicle,in all AEB tests involving a lead vehicle,
1.54,,performance,The subject vehicle must not contact the lead vehicle in all AEB performance tests listed in the regulation.,subject vehicle,must not contact,lead vehicle,in all AEB performance tests listed in the regulation,
1.55,null,test,"To maximize safety and consumer acceptance, false activations must be limited as much as possible through test procedures included in the final rule.",null,limited,false activations,through test procedures included in the final rule,null
1.56,null,test,These performance-based tests are a more robust solution than a document-based approach.,null,are,performance-based tests,more robust solution than a document-based approach,null
1.57,null,test,False positive testing is absolutely necessary for safety and to create public trust.,null,is,false positive testing,absolutely necessary for safety and to create public trust,null
1.58,,performance,The braking criteria limit of 0.25g beyond manual braking is to be finalized as proposed.,NHTSA,finalize,braking criteria limit of 0.25g,"beyond manual braking, as proposed",
1.59,106,functional,"Manufacturers are free to design their vehicles to have the malfunction detection notification be communicated directly to the ADS, a remote assistant or service personnel, as a redundant means of communication.",Manufacturers,design,vehicles with malfunction detection notification,as a redundant means of communication,106
1.60,3,functional,"The driver must be warned in all instances of malfunctions, including malfunctions caused solely by sensor obstructions.",driver,be warned,malfunctions,"in all instances, including malfunctions caused solely by sensor obstructions",3
1.61,3,test,"During track testing of the AEB system all sensors used by the system and any part of the vehicle immediately ahead of the sensors, such as plastic trim, the windshield, etc., would be free of debris or obstructions.",NHTSA,must ensure,all sensors and any part of the vehicle immediately ahead of the sensors are free of debris or obstructions,during track testing of the AEB system,3
1.62,,performance,NHTSA is specifying minimum performance requirements for pedestrian avoidance in dark conditions.,NHTSA,specifying,minimum performance requirements for pedestrian avoidance,in dark conditions,
1.63,,functional,Vehicle manufacturers are responsible for mitigating and resolving any defects in their vehicle products.,Vehicle manufacturers,are responsible for mitigating and resolving,any defects in their vehicle products,,
1.64,,functional,"It is up to manufacturers to design their AEB systems to deal with situations where the driver is following close to the vehicle in front of it, and the lead vehicle decelerates between 0 and 0.3 g.",manufacturers,design,their AEB systems,"situations where the driver is following close to the vehicle in front of it, and the lead vehicle decelerates between 0 and 0.3 g",
1.65,,functional,They must determine what is a false positive and what is an actual positive.,manufacturers,must determine,what is a false positive and what is an actual positive,,
1.66,5,test,The test ensures that the act of late manual braking does not disrupt or disengage crash imminent braking functionality.,The test,ensures,the act of late manual braking,does not disrupt or disengage crash imminent braking functionality,5
1.67,"Section 7, MISCELLANEOUS COMMENTS",test,NHTSA may test the vehicle at the maximum speed the vehicle can achieve in its operational design domain.,NHTSA,test,the vehicle,at the maximum speed the vehicle can achieve in its operational design domain,7. MISCELLANEOUS COMMENTS
1.68,"Section 7, MISCELLANEOUS COMMENTS",functional,Zoox must certify compliance to all speeds up to the maximum speed its vehicles are capable of being driven.,Zoox,certify compliance,to all speeds up to the maximum speed its vehicles are capable of being driven,if the speed limitation in Zoox's vehicles are solely due to ADS programming and the vehicle itself is not speed limited,7. MISCELLANEOUS COMMENTS
1.69,"Section 7, MISCELLANEOUS COMMENTS",functional,Zoox must certify that AEB operates as required by this final rule at speeds up to 90 mph.,Zoox,certify,that AEB operates as required by this final rule at speeds up to 90 mph,"if Zoox's ADS is programmed to drive at speeds up to 45 mph, but the vehicle has functionality that would allow it to be driven at speeds up to 90 mph",7. MISCELLANEOUS COMMENTS
1.70,,functional,The PAEB system must have sufficient information upon which to base its decision to apply braking force.,PAEB system,have,sufficient information,upon which to base its decision to apply braking force,
1.71,,functional,NHTSA should allow low speed contact up to 15 km/h (9.3 mph).,NHTSA,allow,low speed contact,up to 15 km/h (9.3 mph),
1.72,,performance,"IIHS, and UNECE Regulation No. 152 and No. 131, require a speed of less than or equal to 5 km/h, which is representative of a walking adult pedestrian.",IIHS and UNECE Regulation No. 152 and No. 131,require,speed of less than or equal to 5 km/h,representative of a walking adult pedestrian,
1.73,5,test,"For daylight testing, the ambient illumination at the test site shall be at a level similar to that on an overcast day.",,shall be,ambient illumination,daylight testing,5
1.74,5,test,The acceptable range also includes any higher illumination level including levels associated with bright sunlight on a clear day.,,includes,acceptable range,,5
1.75,5,test,"For PAEB testing in darkness, the ambient illumination at the test site must be no greater than 0.2 lux.",,must be,ambient illumination,PAEB testing in darkness,5
1.76,,test,Testing shall only be conducted when there is no wind present that is liable to affect the results.,,conducted,testing,only when there is no wind present that is liable to affect the results,
1.77,,test,The maximum test wind speed shall be reduced from 10 m/s to 5 m/s for all AEB testing.,,shall be reduced,maximum test wind speed,for all AEB testing,
1.78,[155],test,NHTSA provides the public with information on how the agency will conduct compliance tests.,NHTSA,provides,information on how the agency will conduct compliance tests,,[155]
1.79,[155],test,Manufacturers are not required to certify their vehicles using the tests in the FMVSS.,manufacturers,are not required to certify,their vehicles using the tests in the FMVSS,,[155]
1.80,,test,"The road surface can be unmarked, or marked with one, or two lines of any configuration or color, at NHTSA's option.",NHTSA,test,road surface,"within 2 m of the intended travel path, in NHTSA's tests",
1.81,,interface,"If lines are used, they must be straight, and, in the case of two lines, they must be parallel to each other and the distance between them must be from 2.7 m to 4.5 m.",,use,lines,if lines are used,
1.82,,test,"NHTSA may test user adjustable settings such as engine braking, regenerative braking, and those associated with FCW, at any available setting state.",NHTSA,test,"user adjustable settings such as engine braking, regenerative braking, and those associated with FCW",at any available setting state,
1.83,,test,Adaptive and traditional cruise control may be used in any selectable setting during testing.,,use,adaptive and traditional cruise control,in any selectable setting during testing,
1.84,,test,The agency may test vehicles with any cruise control or adaptive cruise control setting to make sure that these systems do not disrupt the ability of the AEB system to stop the vehicle in crash imminent situations.,The agency,test,vehicles with any cruise control or adaptive cruise control setting,to make sure that these systems do not disrupt the ability of the AEB system to stop the vehicle in crash imminent situations,
1.85,,test,"For vehicles that have an ESC off switch, NHTSA will keep ESC engaged for the duration of the test.",NHTSA,keep,ESC engaged,"for vehicles that have an ESC off switch, for the duration of the test",
1.86,,performance,"The purpose of the ""any"" user adjustable parameter is to ensure that driver-activated settings do not negatively impact AEB performance.",user,do not negatively impact,AEB performance,"The purpose of the ""any"" user adjustable parameter",
1.87,"S7, S8, S9",test,"NHTSA seeks to avoid a situation where use of a setting reduces the requisite performance of AEB when tested according to the parameters of S7, S8, and S9.",NHTSA,avoid,a situation where use of a setting reduces the requisite performance of AEB,"when tested according to the parameters of S7, S8, and S9",
1.88,,other,"NHTSA also sought to incorporate the word ""any"" into the standard to make clear that NHTSA has wide latitude to adjust the settings in a compliance test, in accordance with 49 CFR 571.4.",NHTSA,"incorporate the word ""any""",the standard,"to make clear that NHTSA has wide latitude to adjust the settings in a compliance test, in accordance with 49 CFR 571.4",
1.89,FMVSS_127,test,"The subject vehicle load of 277 kg (611 lbs.) is derived from agency testing, which uses the provision in NHTSA's NCAP test procedures.",NHTSA,derive,subject vehicle load of 277 kg (611 lbs.),using the provision in NHTSA's NCAP test procedures,FMVSS_127
1.90,FMVSS_127,test,The stopping performance of a fully loaded vehicle is already assessed under FMVSS No. 135.,,assess,stopping performance of a fully loaded vehicle,under FMVSS No. 135,FMVSS_127
1.91,5,functional,"NHTSA proposed that the rear silhouette and the rear window be symmetrical about a shared vertical centerline and that representations of the taillamps, rear reflex reflectors, and tires also be symmetrical about the surrogate's centerline.",NHTSA,proposed,"rear silhouette, rear window, taillamps, rear reflex reflectors, and tires","about a shared vertical centerline for silhouette and window, about the surrogate's centerline for representations",5
1.92,5,functional,"Further, the license plate representation was proposed to have a width of 300 ± 15 mm and a height of 150 ± 15 mm, and be mounted with a license plate holder angle within the range described in 49 CFR 571.108.",NHTSA,proposed,license plate representation,"width of 300 ± 15 mm, height of 150 ± 15 mm, mounted with a license plate holder angle within 49 CFR 571.108",5
1.93,5,environmental,"Lastly, NHTSA proposed that the VTD representations be located within the minimum and maximum measurement values specified in columns 3 and 4 of Table A.4 of IS0 19206-3:2021 Annex A.",NHTSA,proposed,VTD representations,"within the minimum and maximum measurement values specified in ISO 19206-3:2021 Annex A Table A.4, columns 3 and 4",5
1.94,5,environmental,The tire representations are to be located within the minimum and maximum measurement values specified in columns 3 and 4 of Table A.3 of ISO 19206-3:2021 Annex A.,,are to be located,tire representations,"within the minimum and maximum measurement values specified in ISO 19206-3:2021 Annex A Table A.3, columns 3 and 4",5
1.95,,test,NHTSA is finalizing the radar reflectivity specifications for the vehicle test device as proposed in the NPRM.,NHTSA,finalizing,radar reflectivity specifications for the vehicle test device,as proposed in the NPRM,
1.96,2,test,This rulemaking does not expand the mannequins used in new FMVSS No. 127.,rulemaking,does not expand,mannequins used in new FMVSS No. 127,,2
1.97,2,performance,There are no dimensional tolerances on the pedestrian test device.,,are,dimensional tolerances on the pedestrian test device,none,2
1.98,2,test,NHTSA's testing has not shown an issue with the dimensions specified in the NPRM.,NHTSA's testing,has not shown,an issue with the dimensions,specified in the NPRM,2
1.99,2,performance,The overall mannequin height on the sled is representative of the overall height of real pedestrians with shoes.,,is,overall mannequin height on the sled,representative of the overall height of real pedestrians with shoes,2
1.100,,performance,The requirements specified for Lead Vehicle AEB consider the need to address this safety issue by ensuring that these systems have sufficient braking authority to generate speed reductions that can prevent or mitigate real-world crashes.,Lead Vehicle AEB systems,have,sufficient braking authority,to generate speed reductions that can prevent or mitigate real-world crashes,
1.101,,functional,"requiring AEB, including PAEB technologies, on new passenger vehicles as a key Departmental action",Department,require,"AEB, including PAEB technologies, on new passenger vehicles",,
1.102,3(b),functional,Clearly specifies the preemptive effect.,Executive agencies,make effort,regulation clearly specifies the preemptive effect,,3(b)
1.103,3(b),functional,Clearly specifies the effect on existing Federal law or regulation.,Executive agencies,make effort,regulation clearly specifies the effect on existing Federal law or regulation,,3(b)
1.104,3(b),functional,"Provides a clear legal standard for affected conduct, while promoting simplification and burden reduction.",Executive agencies,make effort,regulation provides a clear legal standard for affected conduct,while promoting simplification and burden reduction,3(b)
1.105,3(b),functional,"Clearly specifies the retroactive effect, if any.",Executive agencies,make effort,regulation clearly specifies the retroactive effect,if any,3(b)
1.106,3(b),functional,Adequately defines key terms.,Executive agencies,make effort,regulation adequately defines key terms,,3(b)
1.107,3(b),functional,Addresses other important issues affecting clarity and general draftsmanship under any guidelines issued by the Attorney General.,Executive agencies,make effort,regulation addresses other important issues affecting clarity and general draftsmanship,under any guidelines issued by the Attorney General,3(b)
1.108,5 U.S.C. 801,functional,"Before a rule may take effect, the agency promulgating the rule must submit a rule report, which includes a copy of the rule, to each House of the Congress and to the Comptroller General of the United States.",the agency promulgating the rule,submit,"a rule report, which includes a copy of the rule",before a rule may take effect,5 U.S.C. 801
1.109,N/A,functional,"NHTSA will submit a report containing this rule and other required information to the U.S. Senate, the U.S. House of Representatives, and the Comptroller General of the United States prior to publication of the rule in the Federal Register.",NHTSA,submit,a report containing this rule and other required information,prior to publication of the rule in the Federal Register,Congressional Review Act
1.110,5 U.S.C. 804(2),performance,"Because this rule meets the criteria in 5 U.S.C. 804(2), it will be effective sixty days after the date of publication in the Federal Register.",rule,be effective,sixty days after the date of publication,this rule meets the criteria in 5 U.S.C. 804(2),5 U.S.C. 804(2)
1.111,,interface,A person is not required to respond to a collection of information by a Federal agency unless the collection displays a valid OMB control number.,person,not required to respond,a collection of information by a Federal agency,unless the collection displays a valid OMB control number,
1.112,,interface,NHTSA incorporates this document by reference solely to specify the location specification and symbol for a visual forward collision warning.,NHTSA,incorporates,this document by reference solely to specify the location specification and symbol for a visual forward collision warning,,
1.113,49 CFR part 596,test,"This method will be used to verify the color of certain elements of the pedestrian test mannequin to determine that the color of the hair, torso, arms, and feet of the pedestrian test mannequin is black and that the color of the legs are blue.",,verify,the color of certain elements of the pedestrian test mannequin,"to determine that the color of the hair, torso, arms, and feet of the pedestrian test mannequin is black and that the color of the legs are blue",49 CFR part 596
1.114,,functional,"The Unfunded Mandates Reform Act of 1995 requires agencies to prepare a written assessment of the costs, benefits, and other effects of proposed or final rules that include a Federal mandate likely to result in the expenditures by States, local or tribal governments, in the aggregate, or by the private sector, of more than $100 million annually (adjusted annually for inflation with base year of 1995).",agencies,prepare,"a written assessment of the costs, benefits, and other effects of proposed or final rules","that include a Federal mandate likely to result in the expenditures by States, local or tribal governments, in the aggregate, or by the private sector, of more than $100 million annually (adjusted annually for inflation with base year of 1995)",
1.115,,performance,Adjusting this amount by the implicit gross domestic product price deflator for 2021 results in an estimated current value of $165 million.,,adjust,this amount by the implicit gross domestic product price deflator for 2021,results in an estimated current value of $165 million,
1.116,TEST COMPLETION CRITERIA,test,Any test is complete when the subject vehicle comes to a complete stop without making contact with the lead vehicle or when the subject vehicle makes contact with the lead vehicle.,,is complete,test,when the subject vehicle comes to a complete stop without making contact with the lead vehicle or when the subject vehicle makes contact with the lead vehicle,TEST COMPLETION CRITERIA
1.117,,performance,Prior to the start of a test trial the lead vehicle is propelled forward in a manner such that the longitudinal center plane of the lead vehicle does not deviate laterally more than 0.3m from the intended travel path.,lead vehicle,is propelled forward,longitudinal center plane,Prior to the start of a test trial; does not deviate laterally more than 0.3m from the intended travel path,
1.118,,performance,"As the subject vehicle approaches the rear of the lead vehicle, beginning when the headway corresponds to Lo, the subject vehicle speed is maintained within 1.6 km/h of the test speed with minimal and smooth accelerator pedal inputs.",subject vehicle,speed is maintained,1.6 km/h of the test speed,"As the subject vehicle approaches the rear of the lead vehicle, beginning when the headway corresponds to Lo; with minimal and smooth accelerator pedal inputs",
1.119,,performance,"Furthermore, beginning when the headway corresponds to Lo, the subject vehicle and lead heading are to be maintained with minimal steering input such that the subject vehicle travel path does not deviate more than 0.3 m laterally from the intended travel path and the subject vehicle's yaw rate does not exceed ±1.0 deg/s.",subject vehicle,are to be maintained,heading,beginning when the headway corresponds to Lo; with minimal steering input such that the travel path does not deviate more than 0.3 m laterally from the intended travel path and the yaw rate does not exceed ±1.0 deg/s,
1.120,,performance,The commanded brake pedal position is the brake pedal position that results in a mean deceleration of 0.4 g in the absence of AEB system.,,result,mean deceleration of 0.4 g,absence of AEB system,
1.121,,performance,The pedal displacement controller depresses the pedal at a rate of 254 mm/s ±25.4 mm/s to the commanded brake pedal position.,pedal displacement controller,depress,pedal,at a rate of 254 mm/s ±25.4 mm/s to the commanded brake pedal position,
1.122,,performance,The standard allows for the pedal displacement controller to overshoot the commanded position by any amount up to 20 percent.,pedal displacement controller,overshoot,commanded position,by any amount up to 20 percent,
1.123,,performance,"In the event of an overshoot, it may be corrected within 100 ms.",,correct,overshoot,within 100 ms,
1.124,,performance,The achieved brake pedal position is any position within 10 percent of the commanded position from 100 ms after pedal displacement occurs and any overshoot is corrected.,,achieved,brake pedal position,any position within 10 percent of the commanded position from 100 ms after pedal displacement occurs and any overshoot is corrected,
1.125,,functional,The commanded brake pedal application is the brake pedal force that results in a mean deceleration of 0.4 g in the absence of AEB system activation.,,result,mean deceleration of 0.4 g,in the absence of AEB system activation,
1.126,,performance,The mean deceleration is the deceleration over the time from when the commanded brake pedal force is first achieved to 250 ms before the vehicle comes to a stop.,,define,mean deceleration,,
1.127,,performance,The force controller achieves the commanded brake pedal force within 250 ms.,force controller,achieve,commanded brake pedal force,within 250 ms,
1.128,,other,The application rate is unrestricted.,,is,application rate,unrestricted,
1.129,,performance,The force controller may overshoot the commanded force by up to 20 percent.,force controller,overshoot,commanded force,up to 20 percent,
1.130,,performance,"If such an overshoot occurs, it is corrected within 250 ms from when the commanded force is first achieved.",,correct,overshoot,within 250 ms from when the commanded force is first achieved,
1.131,,functional,The force controller applies a pedal force of at least 11.1 N from the onset of the brake application until the end of the test.,force controller,apply,pedal force of at least 11.1 N,from the onset of the brake application until the end of the test,
1.132,,test,NHTSA specifies that any test run is complete when the subject vehicle comes to a complete stop without making contact with the PTM or when the subject vehicle makes contact with the PTM.,NHTSA,specifies,test run completion criteria,when the subject vehicle comes to a complete stop without making contact with the PTM or when the subject vehicle makes contact with the PTM,
1.133,,functional,The PTM is to be secured to a moving apparatus triggered any time after the distance between the front plane of the subject vehicle and a parallel contact plane on the pedestrian test mannequin corresponds to Lo.,PTM,be secured,moving apparatus,triggered any time after the distance between the front plane of the subject vehicle and a parallel contact plane on the pedestrian test mannequin corresponds to Lo,
1.134,,performance,The specifications state that the PTM achieve its intended speed within 1.5 m after the apparatus begins to move.,PTM,achieve,its intended speed,within 1.5 m after the apparatus begins to move,
1.135,,performance,The specifications state that the PTM maintain its intended speed within 0.4 km/h until one of the test completion criteria is satisfied.,PTM,maintain,its intended speed,within 0.4 km/h until one of the test completion criteria is satisfied,
1.136,FMVSS_127,functional,"Automatic emergency braking (AEB) system is a system that detects an imminent collision with vehicles, objects, and road users in or near the path of a vehicle and automatically controls the vehicle's service brakes to avoid or mitigate the collision.",Automatic emergency braking (AEB) system,detects,"imminent collision with vehicles, objects, and road users",in or near the path of a vehicle,FMVSS_127
1.137,FMVSS_127,functional,Automatic emergency braking (AEB) system automatically controls the vehicle's service brakes to avoid or mitigate the collision.,Automatic emergency braking (AEB) system,controls,vehicle's service brakes,to avoid or mitigate the collision,FMVSS_127
1.138,S5.1.1,functional,"A vehicle is required to have a forward collision warning system, as defined in S4 that provides an auditory and visual signal to the driver of an impending collision with a lead vehicle.",vehicle,have,forward collision warning system,as defined in S4,S5.1.1
1.139,S5.1.1,functional,The system must operate under the conditions specified in S6 when traveling at any forward speed that is greater than 10 km/h (6.2 mph) and less than 145 km/h (90.1 mph).,system,operate,,under the conditions specified in S6 when traveling at any forward speed that is greater than 10 km/h (6.2 mph) and less than 145 km/h (90.1 mph),S5.1.1
1.140,S5.1.1.a.1,performance,The auditory signal must have a high fundamental frequency of at least 800 Hz.,auditory signal,have,high fundamental frequency,of at least 800 Hz,S5.1.1.a.1
1.141,S5.1.1.a.2,performance,The auditory signal must have a tempo in the range of 6-12 pulses per second and a duty cycle in the range of 0.25-0.95.,auditory signal,have,tempo and duty cycle,tempo in the range of 6-12 pulses per second and a duty cycle in the range of 0.25-0.95,S5.1.1.a.2
1.142,S3,performance,The auditory signal must have a minimum intensity of 15-30 dB above the masked threshold.,,have,auditory signal,,S3
1.143,S3,performance,"Entertainment and other audio content not related to or essential for safe performance of the driving task must be muted, or reduced in volume to within 5 dB of the masked threshold during presentation of the FCW auditory signal.",,"be muted, or reduced in volume",entertainment and other audio content not related to or essential for safe performance of the driving task,during presentation of the FCW auditory signal,S3
1.144,S5.1.2,interface,The visual signal must be located within an ellipse that extends 18 degrees vertically and 10 degrees horizontally of the driver forward line of sight based on the forward-looking eye midpoint (M) as described in S14.1.5. of § 571.111.,,be located,visual signal,within an ellipse that extends 18 degrees vertically and 10 degrees horizontally of the driver forward line of sight based on the forward-looking eye midpoint (M),S5.1.2
1.145,S5.1.2,interface,"The visual signal must include the crash pictorial symbol in SAE J2400, 4.1.16, incorporated by reference (see § 571.5).",,include,"crash pictorial symbol in SAE J2400, 4.1.16",,S5.1.2
1.146,S5.1.2,interface,The visual signal symbol must be red in color and steady burning.,,be,visual signal symbol,red in color and steady burning,S5.1.2
1.147,S5.2.1,functional,"A vehicle is required to have a forward collision warning system, as defined in S4, that provides an auditory and visual signal to the driver of an impending collision with a pedestrian.",vehicle,have,forward collision warning system,as defined in S4,S5.2.1
1.148,S5.2.1,performance,The system must operate under the conditions specified in S6 when the vehicle is traveling at any forward speed that is greater than 10 km/h (6.2 mph) and less than 73 km/h (45.3 mph).,system,operate,,under the conditions specified in S6 when the vehicle is traveling at any forward speed greater than 10 km/h (6.2 mph) and less than 73 km/h (45.3 mph),S5.2.1
1.149,S5.2.1,performance,The forward collision warning system must meet the auditory signal and visual signal requirements specified in S5.1.1.,forward collision warning system,meet,auditory signal and visual signal requirements,specified in S5.1.1,S5.2.1
1.150,S5.2.2,functional,A vehicle is required to have an automatic emergency braking system that applies brakes automatically when a collision with a pedestrian is imminent when the vehicle is under the conditions specified in S6 and is traveling at any forward speed that is greater than 10 km/h (6.2 mph) and less than 73 km/h (45.3 mph).,vehicle,have,automatic emergency braking system,"when a collision with a pedestrian is imminent, under the conditions specified in S6, and traveling at any forward speed greater than 10 km/h (6.2 mph) and less than 73 km/h (45.3 mph)",S5.2.2
1.151,S6.1.4,environmental,The ambient illumination on the test surface is any level at or below 0.2 lux.,,is,ambient illumination on the test surface,dark testing,S6.1.4
1.152,S6.1.4,environmental,Testing is performed under any lunar phase.,,is performed,testing,under any lunar phase,S6.1.4
1.153,S6.1.4,environmental,Testing is not performed while driving toward the moon such that the hor n a n l   a he centerline of the subject vehicle is less ( printed page 39781) than 25 degrees and the lunar elevation angle is less than 15 degrees.,,is not performed,testing,while driving toward the moon such that the centerline of the subject vehicle is less than 25 degrees and the lunar elevation angle is less than 15 degrees,S6.1.4
1.154,S6.1.4,environmental,"Testing is not conducted during periods of precipitation or when visibility is affected by fog, smoke, ash, or other particulate.",,is not conducted,testing,"during periods of precipitation or when visibility is affected by fog, smoke, ash, or other particulate",S6.1.4
1.155,S6.2.2,performance,"The road test surface produces a peak friction coefficient (PFC) of 1.02 when measured using an ASTM F2493 standard reference test tire, in accordance with ASTM E1337-19 (incorporated by reference, see § 571.5), at a speed of 64 km/h (40 mph), without water delivery.",The road test surface,produces,a peak friction coefficient (PFC) of 1.02,"when measured using an ASTM F2493 standard reference test tire, in accordance with ASTM E1337-19, at a speed of 64 km/h (40 mph), without water delivery",S6.2.2
1.156,S6.2.4,interface,"The road surface within 2 m of the intended travel path is marked with zero, one, or two lines of any configuration or color.",The road surface,is marked,"with zero, one, or two lines of any configuration or color",within 2 m of the intended travel path,S6.2.4
1.157,S6.2.4,interface,"If one line is used, it is straight.",one line,is,straight,If one line is used,S6.2.4
1.158,S6.2.4,interface,"If two lines are used, they are straight, parallel to each other, and at any distance from 2.7 m to 4.5 m apart.",two lines,are,"straight, parallel to each other, and at any distance from 2.7 m to 4.5 m apart",If two lines are used,S6.2.4
1.159,S6.2.5,test,"Testing is conducted such that the vehicle does not travel bseus n o   n u ss   ens bridges, or gantries.",Testing,is conducted,"such that the vehicle does not travel bseus n o   n u ss   ens bridges, or gantries",,S6.2.5
1.160,S6.2.5,test,"No vehicles, obstructions, or stationary objects are within 7.4 m of either side of the intended travel path except as specified.","No vehicles, obstructions, or stationary objects",are within,7.4 m of either side of the intended travel path,except as specified,S6.2.5
1.161,S6.3.1,test,Testing is not conducted while the AEB malfunction telltale specified in S5.4 is illuminated.,,not conducted,Testing,while the AEB malfunction telltale specified in S5.4 is illuminated,S6.3.1
1.162,S6.3.2,functional,"All sensors used by the system and any part of the vehicle immediately ahead of the sensors, such as plastic trim, the windshield, etc., are free of debris or obstructions.",,are free,All sensors used by the system and any part of the vehicle immediately ahead of the sensors,,S6.3.2
1.163,S6.3.3,functional,The vehicle is equipped with the original tires present at the time of initial sale.,,is equipped,the original tires present at the time of initial sale,,S6.3.3
1.164,S6.3.3,performance,The tires are inflated to the vehicle manufacturer's recommended cold tire inflation pressure(s) specified on the vehicle's placard or the tire inflation pressure label.,,are inflated,The tires,to the vehicle manufacturer's recommended cold tire inflation pressure(s) specified on the vehicle's placard or the tire inflation pressure label,S6.3.3
1.165,S6.3.13,performance,The load does not cause the vehicle to exceed its GVWR or any axle to exceed its GAWR.,The load,does not cause,the vehicle to exceed its GVWR or any axle to exceed its GAWR,,S6.3.13
1.166,S6.3.14,performance,"The vehicle is driven at a speed of 10 km/h or higher for at least one minute prior to testing, and subsequently the starting system is not cycled off prior to testing.",The vehicle,is driven,at a speed of 10 km/h or higher for at least one minute prior to testing,subsequently the starting system is not cycled off prior to testing,S6.3.14
1.167,S6.4.1,interface,"The vehicle test device is specified in 49 CFR part 596, subpart C",The vehicle test device,is specified,"in 49 CFR part 596, subpart C",,S6.4.1
1.168,S6.4.1,performance,"Local fluttering of trd s s s sns s e ry from the reference surface, and distortion of the lead vehicle's overall shape does not exceed 25 mm in any direction.",Local fluttering and distortion,does not exceed,25 mm in any direction,from the reference surface,S6.4.1
1.169,S6.4.2,interface,"Adult pedestrian test mannequin is specified in 49 CFR part 596, subpart B",Adult pedestrian test mannequin,is specified,"in 49 CFR part 596, subpart B",,S6.4.2
1.170,S6.3.4,functional,"If the road surface is marked with a single or double lane line, the intended travel path is parallel to and 1.8 m from the inside of the closest line.",,parallel,intended travel path,road surface is marked with a single or double lane line,S6.3.4
1.171,S6.3.4,functional,"If the road surface is marked with two lane lines bordering the lane, the intended travel path is centered between the two lines.",,centered,intended travel path,road surface is marked with two lane lines bordering the lane,S6.3.4
1.172,S7.1,test,"For each test run conducted, the subject vehicle speed (Vsv), lead vehicle speed (VLv), headway, and lead vehicle deceleration will be selected from the ranges specified in table 1 to S7.1.",,selected,"subject vehicle speed (Vsv), lead vehicle speed (VLv), headway, and lead vehicle deceleration",each test run conducted,S7.1
1.173,S7.1,performance,"When approaching a stopped lead vehicle, the subject vehicle speed (Vsv) can be any between 10-80 km/h, the lead vehicle speed (VLv) is 0.",,can be any between,subject vehicle speed (Vsv),approaching a stopped lead vehicle,S7.1
1.174,S8.3.1,test,The testing area is set up in accordance with figure 3 to this section.,testing area,is set up,in accordance with figure 3 to this section,,S8.3.1
1.175,S8.3.1,environmental,"Testing is conducted in the daylight or darkness conditions, except that testing with the pedestrian at the 25 percent overlap is only conducted in daylight conditions.",,is conducted,in the daylight or darkness conditions,except that testing with the pedestrian at the 25 percent overlap is only conducted in daylight conditions,S8.3.1
1.176,S8.3.1,test,Testing is conducted using the adult pedestrian test mannequin.,,is conducted,using the adult pedestrian test mannequin,,S8.3.1
1.177,S8.3.2(a),test,The testing area is set up in accordance with figure 4 to this section.,The testing area,is set up,in accordance with figure 4 to this section,,S8.3.2(a)
1.178,S8.3.2(b),test,Testing is conducted in the daylight condition.,,Testing is conducted,in the daylight condition,,S8.3.2(b)
1.179,S8.3.2(c),test,Testing is conducted using the adult pedestrian mannequin.,,Testing is conducted,using the adult pedestrian mannequin,,S8.3.2(c)
1.180,S8.3.2(d),test,The movement of the pedestrian test mannequin is perpendicular to the intended travel path.,The movement of the pedestrian test mannequin,is,perpendicular to the intended travel path,,S8.3.2(d)
1.181,S8.3.2(e),test,The pedestrian test mannequin is set up 6.0 ± 0.1 m to the left of the intended travel path.,The pedestrian test mannequin,is set up,6.0 ± 0.1 m to the left of the intended travel path,,S8.3.2(e)
1.182,S8.3.2(f),test,The intended overlap is 50 percent.,The intended overlap,is,50 percent,,S8.3.2(f)
1.183,S8.3.2(h),performance,The pedestrian test mannequin speed is 8 km/h.,The pedestrian test mannequin speed,is,8 km/h,,S8.3.2(h)
1.184,h,performance,The pedestrian test mannequin speed is 8 km/h.,,is,pedestrian test mannequin speed,,h
1.185,S8.3.3.a,test,The testing area is set up in accordance with figure 5 to this section.,,is set up,testing area,in accordance with figure 5 to this section,S8.3.3.a
1.186,S8.3.3.b,test,Testing is conducted in the daylight condition.,,is conducted,Testing,in the daylight condition,S8.3.3.b
1.187,S8.3.3.c,test,Testing is conducted using the child pedestrian test mannequin.,,is conducted,Testing,using the child pedestrian test mannequin,S8.3.3.c
1.188,S8.3.3.d,test,The movement of the pedestrian test mannequin is perpendicular to the intended travel path.,,is,movement of the pedestrian test mannequin,perpendicular to the intended travel path,S8.3.3.d
1.189,S8.3.4 (i),performance,The pedestrian test mannequin speed is 5 km/h.,,speed,pedestrian test mannequin,,S8.3.4 (i)
1.190,S8.3.4 (a),functional,"Before the headway corresponds to Lo, the subject vehicle is driven at any speed, in any direction, on any road surface, for any amount of time.",subject vehicle,is driven,,Before the headway corresponds to Lo,S8.3.4 (a)
1.191,S8.3.4 (b),functional,The subject vehicle approaches the crossing path of the pedestrian test mannequin.,subject vehicle,approaches,the crossing path of the pedestrian test mannequin,,S8.3.4 (b)
1.192,S8.3.4 (c),performance,"Beginning when the headway corresponds to Lo, the subject vehicle speed is maintained within 1.6 km/h of the test speed with minimal and smooth accelerator pedal inputs.",subject vehicle,is maintained,speed,Beginning when the headway corresponds to Lo,S8.3.4 (c)
1.193,S8.3.4 (d),performance,"Beginning when the headway corresponds to Lo, the subject vehicle heading is maintained with minimal steering inputs such that the subject vehicle stays on the intended travel path, and the yaw rate of the subject vehicle does not exceed ±1.0 deg/s prior to any automated braking onset",subject vehicle,is maintained,heading,"Beginning when the headway corresponds to Lo, and the yaw rate of the subject vehicle does not exceed ±1.0 deg/s prior to any automated braking onset",S8.3.4 (d)
1.194,S8.1.2,test,"The pedestrian test mannequin apparatus is triggered at a time such that the pedestrian test mannequin meets the intended overlap, subject to the criteria in S8.1.2.",pedestrian test mannequin apparatus,is triggered,pedestrian test mannequin,"such that the pedestrian test mannequin meets the intended overlap, subject to the criteria in S8.1.2.",S8.1.2
1.195,S8.1.2,performance,The pedestrian test mannequin achieves its intended speed within 1.5 m after the apparatus begins to move and maintains its intended speed within 0.4 km/h until the test completion criteria of S8.3.6 are satisfied.,pedestrian test mannequin,achieves,its intended speed,within 1.5 m after the apparatus begins to move and maintains its intended speed within 0.4 km/h until the test completion criteria of S8.3.6 are satisfied.,S8.1.2
1.196,S8.3.5(a),functional,"After forward collision warning or subject vehicle braking onset, the subject vehicle's accelerator pedal is released at any rate such that it is fully released within 500 ms.",subject vehicle,releases,accelerator pedal,after forward collision warning or subject vehicle braking onset and at any rate such that it is fully released within 500 ms.,S8.3.5(a)
1.197,S8.3.5(a),other,This action is omitted for vehicles with cruise control active.,,is omitted,this action,for vehicles with cruise control active.,S8.3.5(a)
1.198,S8.3.5(b),functional,No manual brake application is made until the test completion criteria of S8.3.6 are satisfied.,,is made,manual brake application,until the test completion criteria of S8.3.6 are satisfied.,S8.3.5(b)
1.199,S8.3.5(c),test,The pedestrian mannequin continues to move until the completion criteria of S8.3.6 are satisfied.,pedestrian mannequin,continues to move,,until the completion criteria of S8.3.6 are satisfied.,S8.3.5(c)
1.200,S8.5.2,environmental,The pedestrian test mannequin is set up in the 25 percent right offset position.,,is set up,pedestrian test mannequin,in the 25 percent right offset position,S8.5.2
1.201,S8.5.2,environmental,The subject vehicle test speed is any speed between 10 km/h and 65 km/h.,,is,subject vehicle test speed,any speed between 10 km/h and 65 km/h,S8.5.2
1.202,S8.5.2,environmental,The pedestrian test mannequin speed is 5 km/h.,,is,pedestrian test mannequin speed,5 km/h,S8.5.2
1.203,S8.5.2,environmental,"Before the headway corresponds to Lo, the subject vehicle is driven at any speed, in any direction, on any road surface, for any amount of time.",,is driven,subject vehicle,"Before the headway corresponds to Lo, at any speed, in any direction, on any road surface, for any amount of time",S8.5.2
1.204,S8.5.2,functional,The subject vehicle approaches the pedestrian test mannequin.,subject vehicle,approaches,pedestrian test mannequin,,S8.5.2
1.205,S8.5.2,performance,The subject vehicle test speed is maintained within 1.6 km/h of the test speed with minimal and smooth accelerator pedal inputs.,,is maintained within,subject vehicle test speed,1.6 km/h of the test speed with minimal and smooth accelerator pedal inputs,S8.5.2
1.206,S8.5.2,performance,"Beginning when the headway corresponds to Lo, the subject vehicle heading is maintained with minimal steering inputs such that the travel path does not deviate more than 0.3 m laterally from the intended travel path, and the yaw rate of the subject vehicle does not exceed ±1.0 deg/s prior to any automated braking onset.",,is maintained,subject vehicle heading,"Beginning when the headway corresponds to Lo, with minimal steering inputs, travel path does not deviate more than 0.3 m laterally from intended travel path, yaw rate does not exceed ±1.0 deg/s prior to automated braking onset",S8.5.2
1.207,S8.5.3,functional,The pedestrian test mannequin apparatus is triggered any time after the distance between the front plane of the subject vehicle and a parallel contact plane on the pedestrian test mannequin corresponds to Lo.,pedestrian test mannequin apparatus,triggered,,any time after the distance between the front plane of the subject vehicle and a parallel contact plane on the pedestrian test mannequin corresponds to Lo,FMVSS_127
1.208,S8.5.3,performance,The pedestrian test mannequin achieves its intended speed within 1.5 m after the apparatus begins to move and maintains its intended speed within 0.4 km/h until the test completion criteria of S8.5.4 are satisfied.,pedestrian test mannequin,achieves and maintains,intended speed,"within 1.5 m after the apparatus begins to move and until the test completion criteria of S8.5.4 are satisfied, maintaining within 0.4 km/h",FMVSS_127
1.209,S8.5.3(a),functional,"After forward collision warning or subject vehicle braking onset, the subject vehicle's accelerator pedal is released at any rate such that it is fully released within 500 ms.",subject vehicle,accelerator pedal is released,accelerator pedal,"after forward collision warning or subject vehicle braking onset, and at any rate such that it is fully released within 500 ms",FMVSS_127
1.210,S8.5.3(a),functional,This action is omitted for vehicles with cruise control active.,subject vehicle,omit,action,for vehicles with cruise control active,FMVSS_127
1.211,S8.5.3(b),functional,No manual brake application is made until the test completion criteria of S8.5.4 are satisfied.,subject vehicle,make,manual brake application,until the test completion criteria of S8.5.4 are satisfied,FMVSS_127
1.212,S9.2.1(a),test,The testing area is set up in accordance with figure 8 to this section.,,set up,testing area,in accordance with figure 8 to this section,S9.2.1(a)
1.213,S9.2.1(b),test,The steel trench plate is secured flat on the test surface so that its longest side is parallel to the vehicle's intended travel path and horizontally centered on the vehicle's intended travel path.,,secured,steel trench plate,"flat on the test surface, its longest side is parallel to the vehicle's intended travel path, horizontally centered on the vehicle's intended travel path",S9.2.1(b)
1.214,S9.2.1(c),test,The subject vehicle test speed is 80 km/h.,,is,subject vehicle test speed,,S9.2.1(c)
1.215,S9.2.1(d),test,Testing is conducted with manual brake application and without manual brake application.,,conducted,Testing,with manual brake application and without manual brake application,S9.2.1(d)
1.216,S9.2.1(e),environmental,Testing is conducted during daylight.,,conducted,Testing,during daylight,S9.2.1(e)
1.217,S9.2.3,test,"For tests where no manual brake application occurs, manual braking is not applied until the test completion criteria of S9.2.3 are satisfied.",,apply,manual braking,"For tests where no manual brake application occurs, until the test completion criteria of S9.2.3 are satisfied",S9.2.3
1.218,S9.2.3,test,"For tests where manual brake application occurs, the subject vehicle's accelerator pedal, if not already released, is released when the headway co   us u s   s    u  sdms.",subject vehicle,release,accelerator pedal,"For tests where manual brake application occurs, if not already released, when the headway co   us u s   s    u  sdms",S9.2.3
1.219,S10,test,"For tests where manual brake application occurs, the service brakes are applied as specified in S10.",,apply,service brakes,For tests where manual brake application occurs,S10
1.220,S9.2.3,test,The test run is complete when the subject vehicle comes to a stop prior to crossing over the leading edge of the steel trench plate or when the subject vehicle crosses over the leading edge of the steel trench plate.,,complete,test run,when the subject vehicle comes to a stop prior to crossing over the leading edge of the steel trench plate or when the subject vehicle crosses over the leading edge of the steel trench plate,S9.2.3
1.221,S9.3.1,test,The testing area is set up in accordance with figure 9 to this section.,,set up,testing area,in accordance with figure 9 to this section,S9.3.1
1.222,§596.7,test,"The legs are blue as defined in Annex B table B.2 of ISO 192064:2020, as tested in accordance with ISO 3668:2017.",,be,legs,"as defined in Annex B table B.2 of ISO 192064:2020, as tested in accordance with ISO 3668:2017",§596.7
1.223,§596.7,performance,The surface of the entire APTM or CPTM are within the reflectivity ranges specified in Annex B section B.2.2 of ISO 19206-2:2018.,,are,surface of the entire APTM or CPTM,within the reflectivity ranges specified in Annex B section B.2.2 of ISO 19206-2:2018,§596.7
1.224,§596.7,performance,The radar reflectivity characteristics of the pedestrian test depict from the side or from behind.,,depict,radar reflectivity characteristics of the pedestrian test,from the side or from behind,§596.7
1.225,§596.7,test,"The radar cross section measurements of the APTM and the CPTM is within the upper and lower boundaries shown in Annex B, section B.3, figure B.6 of ISO 19206-2:2018 when tested in accordance with the measure procedure in Annex C, section C.3, Scenario 2.",,is,radar cross section measurements of the APTM and the CPTM,"within the upper and lower boundaries shown in Annex B, section B.3, figure B.6 of ISO 19206-2:2018 when tested in accordance with the measure procedure in Annex C, section C.3, Scenario 2",§596.7
1.226,596.9(a),functional,The vehicle test device provides a sensor representation of a passenger motor vehicle.,vehicle test device,provides,sensor representation of a passenger motor vehicle,,§596.9(a)
1.227,§ 596.10,functional,"The rear view of the vehicle test device contains representations of the vehicle silhouette, a rear window, a high-mounted stop lamp, two taillamps, a rear license plate, two rear reflex reflectors, and two tires.",vehicle test device,contains representations of,"the vehicle silhouette, a rear window, a high-mounted stop lamp, two taillamps, a rear license plate, two rear reflex reflectors, and two tires",,§ 596.10
1.228,§ 596.10,performance,The rear silhouette and the rear window are symmetrical about a shared vertical centerline.,rear silhouette and the rear window,are symmetrical,a shared vertical centerline,,§ 596.10
1.229,§ 596.10,performance,"Representations of the taillamps, rear reflex reflectors, and tires are symmetrical about the surrogate's centerline.","Representations of the taillamps, rear reflex reflectors, and tires",are symmetrical,the surrogate's centerline,,§ 596.10
1.230,(e)(1),performance,The radar cross section of the vehicle test device is measured with it attached to the carrier (robotic platform).,,measured,radar cross section,with it attached to the carrier (robotic platform),(e)(1)
1.231,(e)(1),performance,The radar reflectivity of the carrier platform is less than 0 dBm² for a viewing angle as specified in Section C.3 of ISO 192063:2021 Annex C.,,is,radar reflectivity of the carrier platform,less than 0 dBm² for a viewing angle as specified in ISO 192063:2021 Annex C,(e)(1)
1.232,(e)(2),performance,The rear bumper area as shown in Table C.1 of ISO 19206-3:2021 Annex C contributes to the target radar cross section.,,contributes,rear bumper area,as shown in Table C.1 of ISO 19206-3:2021 Annex C,(e)(2)
1.233,(e)(3),test,"The radar cross section is assessed using radar sensor that operates at 76 to 81 GHz and has a range of at least 5 to 100 m, a range gate length smaller than 0.6m, a horizontal field of view of 10 degrees or more (-3dB amplitude limit), and an elevation field of view of 5 degrees or more (-3dB amplitude).",,assessed,radar cross section,using radar sensor that operates at 76 to 81 GHz and has specified parameters,(e)(3)
1.234,3,functional,An FCW system is able to use the sensors' input to determine the speed of an object in front of it and the distance between the vehicle and the object.,FCW system,use,sensors' input,to determine the speed of an object in front of it and the distance between the vehicle and the object.,3
1.235,3,functional,"If the FCW system determines that the closing distance and velocity between the vehicle and the object is such that a collision may be imminent, the system is designed to induce an immediate forward crash avoidance response by the vehicle operator.",FCW system,induce,immediate forward crash avoidance response,if the FCW system determines that the closing distance and velocity between the vehicle and the object is such that a collision may be imminent,3
1.236,3,functional,"FCW systems may detect impending collisions with any number of roadway obstacles, including vehicles and pedestrians.",FCW systems,detect,"impending collisions with any number of roadway obstacles, including vehicles and pedestrians",,3
1.237,3,functional,"Warning systems in use today provide drivers with a visual warning signal, such as an illuminated telltale on or near the instrument panel, an auditory signal, or a haptic signal that provides tactile feedback to the driver to warn the driver of an impending collision so the driver may intervene.",Warning systems,provide,drivers,"with a visual warning signal, such as an illuminated telltale on or near the instrument panel, an auditory signal, or a haptic signal that provides tactile feedback to the driver to warn the driver of an impending collision so the driver may intervene",3
1.238,3,functional,FCW systems alone do not brake the vehicle.,FCW systems,do not brake,the vehicle,alone,3
1.239,4,functional,AEB refers to a system that has: (a) an FCW component to alert the driver to an impending collision with a forward obstacle; (b) a CIB component that automatically applies the vehicle's brakes if the driver does not respond to the FCW; and (c) a DBS component that automatically supplements the driver's brake application if the driver applies insufficient manual braking to avoid a crash.,AEB system,include,"FCW component, CIB component, DBS component",,4
1.240,54,functional,NHTSA should bear in mind that Congress intended safety to be the preeminent factor under the Motor Vehicle Safety Act.,NHTSA,bear in mind,safety as the preeminent factor,,54
1.241,54,performance,"At 60 km/h (37.3 mph) automatic braking would need to occur at a minimum distance to the pedestrian of 20.25 meters with a 0.7g stop, which is a TTC of 1.21 sec.",automatic braking system,occur,minimum distance to the pedestrian of 20.25 meters with a 0.7g stop,At 60 km/h (37.3 mph),54
1.242,139,performance,The performance of each AEB system depends on the ability of the system to use sensor data to appropriately detect and classify forward objects.,AEB system,use,sensor data,to appropriately detect and classify forward objects,139
